MAE,RMSE
1.0938275277614593,1.2146248794738106
