sensor_1,sensor_2,sensor_3,predicted_target
25.5,42.1,63.2,-0.040493287
27.9,39.8,61.5,0.16679737
29.0,40.2,62.1,0.20918152
30.1,41.7,63.8,0.20800278
26.4,43.3,64.7,-0.034107484
28.8,40.9,62.9,0.17276165
31.0,39.2,61.1,0.31058
23.5,44.1,65.2,-0.28575066
32.2,38.7,60.4,0.32734558
27.1,42.6,63.6,0.021553718
29.7,41.2,62.0,0.19047996
24.3,43.9,64.4,-0.19970253
